[ {
    "productId" : 1,
    "name": "Burlap Basket",
    "price": 90,
    "availableStock" : 290,
    "productEnabled": "true",
    "description": "Et consectetur proident ex cupidatat officia elit sit.",
    "image": "images/bathroom/hampersBaskets/Burlap.jpg"
},
{
    "productId" : 2,
    "name": "Ebern Hamper",
    "price": 120,
    "availableStock" : 266,
    "productEnabled": "true",
    "description": "Consectetur esse voluptate in velit pariatur ut quis nisi voluptate eu veniam aliqua.",
    "image": "images/bathroom/hampersBaskets/Ebern.jpg"
},
{
    "productId" : 3,
    "name": "Gracie Basket",
    "price": 70,
    "availableStock" : 670,
    "productEnabled": "true",
    "description": "Adipisicing laboris magna fugiat eu cillum non exercitation ea quis quis aute est.",
    "image": "images/bathroom/hampersBaskets/Gracie.jpg"
},
{
    "productId" : 4,
    "name": "Honey Hamper",
    "price": 100,
    "availableStock" : 222,
    "productEnabled": "true",
    "description": "Ut quis labore cillum aliqua nostrud quis.",
    "image": "images/bathroom/hampersBaskets/Honey.jpg"
},
{
    "productId" : 5,
    "name": "Coyle Storage",
    "price": 150,
    "availableStock" : 574,
    "productEnabled": "true",
    "description": "Exercitation nulla mollit sit sit nulla laborum amet ex.",
    "image": "images/bathroom/storage/Coyle.jpg"
},
{
    "productId" : 6,
    "name": "Danny Storage",
    "price": 180,
    "availableStock" : 98,
    "productEnabled": "true",
    "description": "Minim tempor labore nisi exercitation tempor cillum.",
    "image": "images/bathroom/storage/Danny.jpg"
},
{
    "productId" : 7,
    "name": "Nauman Storage",
    "price": 210,
    "availableStock" : 468,
    "productEnabled": "true",
    "description": "Magna nisi eu ut ea cillum aliquip sint Lorem. ",
    "image": "images/bathroom/storage/Nauman.jpg"
},
{
    "productId" : 8,
    "name": "Skipworth Storage",
    "price": 260,
    "availableStock" : 358,
    "productEnabled": "true",
    "description": "Irure adipisicing qui eiusmod minim non. ",
    "image": "images/bathroom/storage/Skipworth.jpg"
},
{
    "productId" : 9,
    "name": "Avey King Bed",
    "price": 990,
    "availableStock" : 34,
    "productEnabled": "true",
    "description": "Reprehenderit Lorem eiusmod reprehenderit est reprehenderit culpa nulla incididunt magna ea excepteur.",
    "image": "images/bedroom/beds/king/Avey.jpg"
},
{
    "productId" : 10,
    "name": "Burrus King Bed",
    "price": 1190,
    "availableStock" : 789,
    "productEnabled": "true",
    "description": "Ipsum irure eiusmod cupidatat et.",
    "image": "images/bedroom/beds/king/Burrus.jpg"
},
{
    "productId" : 11,
    "name": "Littrell King Bed",
    "price": 1290,
    "availableStock" : 473,
    "productEnabled": "true",
    "description": "Aliqua nisi voluptate cupidatat fugiat exercitation nostrud anim Lorem ullamco ad ea.",
    "image": "images/bedroom/beds/king/Littrell.jpg"
},
{
    "productId" : 12,
    "name": "Roberto King Bed",
    "price": 1390,
    "availableStock" : 975,
    "productEnabled": "true",
    "description": "Exercitation commodo cupidatat exercitation cupidatat ut proident occaecat commodo exercitation ex.",
    "image": "images/bedroom/beds/king/Roberto.jpg"
},
{
    "productId" : 13,
    "name": "Gloucester Queen Bed",
    "price": 990,
    "availableStock" : 9786,
    "productEnabled": "true",
    "description": "Anim nisi aute excepteur occaecat labore laborum mollit eu elit irure sit sint fugiat.",
    "image": "images/bedroom/beds/queen/Gloucester.jpg"
},
{
    "productId" : 14,
    "name": "Maryport Queen Bed",
    "price": 1090,
    "availableStock" : 234,
    "productEnabled": "true",
    "description": "Quis exercitation do consectetur laborum ullamco adipisicing est est dolore magna non esse ex sunt.",
    "image": "images/bedroom/beds/queen/Maryport.jpg"
},
{
    "productId" : 15,
    "name": "Neher Queen Bed",
    "price": 790,
    "availableStock" : 4367,
    "productEnabled": "true",
    "description": "Enim eiusmod quis voluptate tempor pariatur adipisicing tempor pariatur duis.",
    "image": "images/bedroom/beds/queen/Neher.jpg"
},
{
    "productId" : 16,
    "name": "Pascal Queen Bed",
    "price": 1290,
    "availableStock" : 92,
    "productEnabled": "true",
    "description": "Minim deserunt cupidatat est quis fugiat sint amet nulla culpa enim duis proident.",
    "image": "images/bedroom/beds/queen/Pascal.jpg"
},
{
    "productId" : 17,
    "name": "Brooklyn Single Bed",
    "price": 550,
    "availableStock" : 392,
    "productEnabled": "true",
    "description": "Nisi officia ad tempor exercitation velit nisi proident sunt elit in non cillum commodo.",
    "image": "images/bedroom/beds/single/Brooklyn.jpg"
},
{
    "productId" : 18,
    "name": "Escondido Single Bed",
    "price": 650,
    "availableStock" : 283,
    "productEnabled": "true",
    "description": "Aliquip fugiat nisi occaecat veniam esse duis ad in exercitation tempor ut anim.",
    "image": "images/bedroom/beds/single/Escondido.jpg"
},
{
    "productId" : 19,
    "name": "Pattonsburg Single Bed",
    "price": 750,
    "availableStock" : 159,
    "productEnabled": "true",
    "description": "Do amet non dolor consequat sunt.",
    "image": "images/bedroom/beds/single/Pattonsburg.jpg"
},
{
    "productId" : 20,
    "name": "Tori Single Bed",
    "price": 850,
    "availableStock" : 760,
    "productEnabled": "true",
    "description": "Ad aute aliqua cupidatat adipisicing sunt consectetur incididunt.",
    "image": "images/bedroom/beds/single/Tori.jpg"
},
{
    "productId" : 21,
    "name": "Bryant Dresser",
    "price": 1990,
    "availableStock" : 196,
    "productEnabled": "true",
    "description": "Consequat adipisicing aute ea aute amet.",
    "image": "images/bedroom/dressers/Bryant.jpg"
},
{
    "productId" : 22,
    "name": "Lafever Dresser",
    "price": 2090,
    "availableStock" : 547,
    "productEnabled": "true",
    "description": "Ipsum eiusmod anim irure ipsum ipsum eu mollit ea Lorem.",
    "image": "images/bedroom/dressers/Lafever.jpg"
},
{
    "productId" : 23,
    "name": "Northampt Dresser",
    "price": 2190,
    "availableStock" : 325,
    "productEnabled": "true",
    "description": "Aliquip incididunt laboris esse duis magna deserunt consequat culpa laboris non adipisicing eu qui.",
    "image": "images/bedroom/dressers/Northampt.jpg"
},
{
    "productId" : 24,
    "name": "Pannell Dresser",
    "price": 2290,
    "availableStock" : 598,
    "productEnabled": "true",
    "description": "Enim exercitation Lorem officia incididunt cupidatat aute culpa sunt nulla.",
    "image": "images/bedroom/dressers/Pannell.jpg"
},
{
    "productId" : 25,
    "name": "Lulu Matress",
    "price": 1290,
    "availableStock" : 256,
    "productEnabled": "true",
    "description": "Ut fugiat culpa aliqua culpa consectetur elit non dolor pariatur enim anim veniam ipsum.",
    "image": "images/bedroom/matresses/Lulu.jpg"
},
{
    "productId" : 26,
    "name": "Mimi Matress",
    "price": 1390,
    "availableStock" : 998,
    "productEnabled": "true",
    "description": "Esse fugiat proident ipsum dolor et consequat culpa amet anim est nostrud veniam ex.",
    "image": "images/bedroom/matresses/Mimi.jpg"
},
{
    "productId" : 27,
    "name": "Olsen Matress",
    "price": 1490,
    "availableStock" : 355,
    "productEnabled": "true",
    "description": "Eu id Lorem dolore elit ex deserunt laborum laboris non voluptate Lorem minim aute. ",
    "image": "images/bedroom/matresses/Olsen.jpg"
},
{
    "productId" : 28,
    "name": "Wayfair Matress",
    "price": 1590,
    "availableStock" : 357,
    "productEnabled": "true",
    "description": "Mollit sunt aliqua nostrud ad cupidatat ipsum excepteur occaecat ea.",
    "image": "images/bedroom/matresses/Wayfair.jpg"
},
{
    "productId" : 29,
    "name": "Dmitry Nightsand",
    "price": 290,
    "availableStock" : 262,
    "productEnabled": "true",
    "description": "Eu id Lorem dolore elit ex deserunt laborum laboris non voluptate Lorem minim aute.",
    "image": "images/bedroom/nightstands/Dmitry.jpg"
},
{
    "productId" : 30,
    "name": "Parocela Nightsand",
    "price": 390,
    "availableStock" : 276,
    "productEnabled": "true",
    "description": "Occaecat aute do Lorem incididunt anim officia.",
    "image": "images/bedroom/nightstands/Parocela.jpg"
},
{
    "productId" : 31,
    "name": "Peralez Nightsand",
    "price": 490,
    "availableStock" : 987,
    "productEnabled": "true",
    "description": "Qui fugiat magna id Lorem cupidatat qui.",
    "image": "images/bedroom/nightstands/Peralez.jpg"
},
{
    "productId" : 32,
    "name": "Torin Nightsand",
    "price": 590,
    "availableStock" : 655,
    "productEnabled": "true",
    "description": "Culpa sint eu fugiat irure est aliqua.",
    "image": "images/bedroom/nightstands/Torin.jpg"
},
{
    "productId" : 33,
    "name": "Brigg Chair",
    "price": 100,
    "availableStock" : 234,
    "productEnabled": "true",
    "description": "Ea consequat fugiat ex nostrud fugiat aute proident ut nulla.",
    "image": "images/kitchen/chairs/Brigg.jpg"
},
{
    "productId" : 34,
    "name": "Charlotte Chair",
    "price": 110,
    "availableStock" : 777,
    "productEnabled": "true",
    "description": "Dolore incididunt enim laborum cupidatat quis aliqua nisi ex in magna proident voluptate eiusmod.",
    "image": "images/kitchen/chairs/Charlotte.jpg"
},
{
    "productId" : 35,
    "name": "Connor Chair",
    "price": 120,
    "availableStock" : 276,
    "productEnabled": "true",
    "description": "Voluptate mollit consequat dolor velit.",
    "image": "images/kitchen/chairs/Connor.jpg"
},
{
    "productId" : 36,
    "name": "Tuckerman Chair",
    "price": 130,
    "availableStock" : 888,
    "productEnabled": "true",
    "description": "Dolor voluptate consequat minim Lorem minim minim duis ipsum excepteur cupidatat.",
    "image": "images/kitchen/chairs/Tuckerman.jpg"
},
{
    "productId" : 37,
    "name": "Fresnay Island",
    "price": 1500,
    "availableStock" : 743,
    "productEnabled": "true",
    "description": "Est duis anim incididunt minim est.",
    "image": "images/kitchen/islands/Fresnay.jpg"
},
{
    "productId" : 38,
    "name": "Kuhnhenn Island",
    "price": 1600,
    "availableStock" : 334,
    "productEnabled": "true",
    "description": "Laboris anim occaecat ex eiusmod incididunt ut minim.",
    "image": "images/kitchen/islands/Kuhnhenn.jpg"
},
{
    "productId" : 39,
    "name": "Matus Island",
    "price": 1700,
    "availableStock" : 864,
    "productEnabled": "true",
    "description": "Reprehenderit laboris velit duis quis in aliqua.",
    "image": "images/kitchen/islands/Matus.jpg"
},
{
    "productId" : 40,
    "name": "Raabe Island",
    "price": 1800,
    "availableStock" : 753,
    "productEnabled": "true",
    "description": "Non cillum enim sit nisi do duis esse excepteur velit adipisicing ad.",
    "image": "images/kitchen/islands/Raabe.jpg"
},
{
    "productId" : 41,
    "name": "Adda Set",
    "price": 3500,
    "availableStock" : 52,
    "productEnabled": "true",
    "description": "Proident enim amet amet consectetur exercitation quis et laborum adipisicing esse in nostrud cillum deserunt.",
    "image": "images/kitchen/sets/Adda.jpg"
},
{
    "productId" : 42,
    "name": "Badillo Set",
    "price": 3600,
    "availableStock" : 822,
    "productEnabled": "true",
    "description": "Do voluptate laboris ad ex qui anim commodo aliquip.",
    "image": "images/kitchen/sets/Badillo.jpg"
},
{
    "productId" : 43,
    "name": "Kuzma Set",
    "price": 3700,
    "availableStock" : 542,
    "productEnabled": "true",
    "description": "Exercitation officia amet exercitation anim do duis irure eu reprehenderit veniam irure officia qui ut.",
    "image": "images/kitchen/sets/Kuzma.jpg"
},
{
    "productId" : 44,
    "name": "Owings Set",
    "price": 3800,
    "availableStock" : 753,
    "productEnabled": "true",
    "description": "Eu voluptate consequat qui deserunt proident ea enim consectetur.",
    "image": "images/kitchen/sets/Owings.jpg"
},
{
    "productId" : 45,
    "name": "Barrington Table",
    "price": 1300,
    "availableStock" : 296,
    "productEnabled": "true",
    "description": "Ipsum nulla eu fugiat est amet irure elit Lorem.",
    "image": "images/kitchen/tables/Barrington.jpg"
},
{
    "productId" : 46,
    "name": "Filkins Table",
    "price": 1400,
    "availableStock" : 937,
    "productEnabled": "true",
    "description": "Anim consectetur labore qui dolore velit consectetur dolor incididunt sint deserunt quis sint fugiat.",
    "image": "images/kitchen/tables/Filkins.jpg"
},
{
    "productId" : 47,
    "name": "Gracie Table",
    "price": 1500,
    "availableStock" : 386,
    "productEnabled": "true",
    "description": "Sint quis veniam nulla amet esse consectetur anim dolor.",
    "image": "images/kitchen/tables/Gracie.jpg"
},
{
    "productId" : 48,
    "name": "Teresa Table",
    "price": 1600,
    "availableStock" : 963,
    "productEnabled": "true",
    "description": "Tempor tempor laboris commodo voluptate occaecat sint cillum deserunt nisi nisi deserunt.",
    "image": "images/kitchen/tables/Teresa.jpg"
},
{
    "productId" : 49,
    "name": "Bowden Coffee Table",
    "price": 600,
    "availableStock" : 267,
    "productEnabled": "true",
    "description": "Tempor tempor laboris commodo voluptate occaecat sint cillum deserunt nisi nisi deserunt.",
    "image": "images/livingroom/coffee/Bowden.jpg"
},
{
    "productId" : 50,
    "name": "Imel Coffee Table",
    "price": 700,
    "availableStock" : 284,
    "productEnabled": "true",
    "description": "Proident qui fugiat non ex esse qui cupidatat officia.",
    "image": "images/livingroom/coffee/Bowden.jpg"
},
{
    "productId" : 51,
    "name": "Kinsella Coffee Table",
    "price": 800,
    "availableStock" : 654,
    "productEnabled": "true",
    "description": "Sit consectetur ex aliqua fugiat nostrud exercitation elit.",
    "image": "images/livingroom/coffee/Kinsella.jpg"
},
{
    "productId" : 52,
    "name": "Wasser Coffee Table",
    "price": 900,
    "availableStock" : 290,
    "productEnabled": "true",
    "description": "Veniam cillum irure aliqua do magna occaecat irure.",
    "image": "images/livingroom/coffee/Wasser.jpg"
},
{
    "productId" : 53,
    "name": "Clarksville Sofa Bed",
    "price": 3100,
    "availableStock" : 267,
    "productEnabled": "true",
    "description": "Eiusmod id dolore enim quis in tempor eiusmod proident Lorem.",
    "image": "images/livingroom/sofas/sofaBeds/Clarksville.jpg"
},
{
    "productId" : 54,
    "name": "Eugene Sofa Bed",
    "price": 3500,
    "availableStock" : 369,
    "productEnabled": "true",
    "description": "Ut eu anim nisi quis mollit fugiat Lorem deserunt excepteur.",
    "image": "images/livingroom/sofas/sofaBeds/Eugene.jpg"
},
{
    "productId" : 55,
    "name": "Maraca Sofa Bed",
    "price": 3700,
    "availableStock" : 238,
    "productEnabled": "true",
    "description": "Nostrud veniam consectetur anim laborum duis eu aliquip irure eiusmod.",
    "image": "images/livingroom/sofas/sofaBeds/Maraca.jpg"
},
{
    "productId" : 56,
    "name": "Nantwich Sofa Bed",
    "price": 3900,
    "availableStock" : 379,
    "productEnabled": "true",
    "description": "Cillum occaecat irure excepteur cillum.",
    "image": "images/livingroom/sofas/sofaBeds/Nantwich.jpg"
},
{
    "productId" : 57,
    "name": "Bjorn Sofa",
    "price": 3000,
    "availableStock" : 973,
    "productEnabled": "true",
    "description": "Fugiat reprehenderit duis non enim cillum reprehenderit commodo duis in sit aliquip aute adipisicing.",
    "image": "images/livingroom/sofas/sofas/Bjorn.jpg"
},
{
    "productId" : 58,
    "name": "Derry Sofa",
    "price": 3200,
    "availableStock" : 591,
    "productEnabled": "true",
    "description": "Dolor duis reprehenderit anim consectetur ut nulla veniam aliqua fugiat labore reprehenderit.",
    "image": "images/livingroom/sofas/sofas/Bjorn.jpg"
},
{
    "productId" : 59,
    "name": "Ibiza Sofa",
    "price": 3400,
    "availableStock" : 379,
    "productEnabled": "true",
    "description": "Et est duis non elit est velit excepteur.",
    "image": "images/livingroom/sofas/sofas/Ibiza.jpg"
},
{
    "productId" : 60,
    "name": "Stevie Sofa",
    "price": 3600,
    "availableStock" : 200,
    "productEnabled": "true",
    "description": "Nisi dolore tempor Lorem amet ut laboris tempor.",
    "image": "images/livingroom/sofas/sofas/Stevie.jpg"
},
{
    "productId" : 61,
    "name": "Adalberto TV Stand",
    "price": 1500,
    "availableStock" : 387,
    "productEnabled": "true",
    "description": "Eu non in mollit sint cillum nostrud esse occaecat dolore cupidatat ex.",
    "image": "images/livingroom/tv/Adalberto.jpg"
},
{
    "productId" : 62,
    "name": "Garrity TV Stand",
    "price": 1600,
    "availableStock" : 866,
    "productEnabled": "true",
    "description": "Reprehenderit dolore occaecat ea ad excepteur magna fugiat adipisicing.",
    "image": "images/livingroom/tv/Garrity.jpg"
},
{
    "productId" : 63,
    "name": "Mainor TV Stand",
    "price": 1800,
    "availableStock" : 258,
    "productEnabled": "true",
    "description": "Irure minim reprehenderit velit ex laborum esse tempor ut elit.",
    "image": "images/livingroom/tv/Mainor.jpg"
},
{
    "productId" : 64,
    "name": "Sunbury TV Stand",
    "price": 1800,
    "availableStock" : 896,
    "productEnabled": "true",
    "description": "Irure anim do consequat pariatur exercitation sit proident.",
    "image": "images/livingroom/tv/Sunbury.jpg"
},
{
    "productId" : 65,
    "name": "Bradenville Outdoor Set",
    "price": 3500,
    "availableStock" : 567,
    "productEnabled": "true",
    "description": "Cupidatat occaecat consequat do cupidatat sit magna deserunt deserunt amet.",
    "image": "images/outdoor/Bradenville.jpg"
},
{
    "productId" : 66,
    "name": "Kyleigh Outdoor Hammock",
    "price": 300,
    "availableStock" : 346,
    "productEnabled": "true",
    "description": " Non occaecat culpa aute exercitation..",
    "image": "images/outdoor/Kyleigh.jpg"
},
{
    "productId" : 67,
    "name": "Parker Outdoor Hammock",
    "price": 400,
    "availableStock" : 908,
    "productEnabled": "true",
    "description": "Sit magna deserunt deserunt amet labore adipisicing.",
    "image": "images/outdoor/Parker.jpg"
},
{
    "productId" : 68,
    "name": "Windermere Outdoor Set",
    "price": 4000,
    "availableStock" : 234,
    "productEnabled": "true",
    "description": "Ea consequat fugiat ex nostrud fugiat aute proident ut nulla.",
    "image": "images/outdoor/Windermere.jpg"
}
]